"AgeBand","AverageWeightinKgs"
"Less than 35","59.73076923076923"
"35 - 54","57.82051282051282"
"55+","53.416666666666664"
